{"disc":{"axisX":{"kinect":[395,170],"world":[35.45894241333008,10.01558876037598,-95.55180358886719]},"axisY":{"kinect":[274,73],"world":[4.11524486541748,38.19612121582031,-103.1423721313477]},"maskMargin":3.670000076293945,"maskThreshold":0,"mat":[0.99923175573349,0.02841246128082275,-0.02699328027665615,0,-0.03176111355423927,0.9600467085838318,-0.2780314981937408,0,0.01801533438265324,0.2786765098571777,0.9602160453796387,0,5.076118946075439,9.151674270629883,-94.73104095458984,1],"origin":{"kinect":[279.2999572753906,173.3000030517578],"world":[5.076118946075439,9.151674270629883,-94.73104095458984]}},"mode":2,"scene":{"far":150,"isDisplayIr":false,"near":33.09999847412109,"showScene":false},"shooting":{"currentFrame":695,"enableTimer":true,"feedbackRate":0.3300000131130219,"forceDisplay":false,"hudOrigin":[600,630],"isDisplayHeightmap":true,"isPreviewLight":true,"lightBack":0.8999999761581421,"lightFront":0.5199999809265137,"rotateStep":90,"showHeightmap":true,"showOverlay":true}}

