{"disc":{"axisX":{"kinect":[357,163],"world":[26.15871047973633,12.1427001953125,-97.94187927246094]},"axisY":{"kinect":[245,69],"world":[-4.22559928894043,40.80885314941406,-107.0331726074219]},"maskMargin":3.670000076293945,"maskThreshold":0,"mat":[0.9993541836738586,0.01389520987868309,0.03313760831952095,0,-0.01058449223637581,0.963331937789917,-0.2681035101413727,0,-0.03564853221178055,0.2675845921039581,0.962874710559845,0,-3.90604043006897,11.72467422485352,-98.93879699707031,1],"origin":{"kinect":[245.2999572753906,165.3000030517578],"world":[-3.90604043006897,11.72467422485352,-98.93879699707031]}},"mode":2,"scene":{"far":150,"isDisplayIr":false,"near":33.09999847412109},"shooting":{"currentFrame":624,"enableTimer":true,"feedbackRate":0.3499999940395355,"hudOrigin":[440,160],"isDisplayHeightmap":false,"isPreviewLight":false,"lightBack":1,"lightFront":0.800000011920929,"rotateStep":90,"showOverlay":true}}

