{"mode":2,"plane":{"axisX":{"kinect":[378,179],"world":[31.22303199768066,7.713663578033447,-96.19972991943359]},"axisY":{"kinect":[266,79],"world":[1.923950672149658,37.82440948486328,-106.8784561157227]},"maskMargin":4.139999866485596,"maskThreshold":251.0299987792969,"mat":[0.9980228543281555,-0.01362026855349541,0.06135830655694008,0,0.04840885102748871,0.9577794075012207,-0.2833995223045349,0,-0.05491651967167854,0.2858551740646362,0.956697940826416,0,0.4233141541481018,8.133995056152344,-98.09329223632812,1],"origin":{"kinect":[261.2999572753906,178.3000030517578],"world":[0.4233141541481018,8.133995056152344,-98.09329223632812]}},"scene":{"far":150,"near":33.09999847412109},"shooting":{"feedbackRate":0.1000000014901161,"isPreviewLight":false,"lightFront":0.6100000143051147}}

